{"metrics": {"total_return": 0.13085310759035274, "cagr": 0.012371448877677382, "annual_vol": 0.14421569361102682, "sharpe": 0.1585456994801723, "max_drawdown": -0.254438567377995}, "test_info": {"test_mse_close": 1378516.3936146013, "test_mae_close": 884.434075718933, "test_count": 369}, "today": {"signal": "Neutro", "predicted_close": 145236.18972917198, "predicted_high": 145987.64437514084, "predicted_low": 144051.5357963833, "open": 146236.875, "close": 145331.546875, "stop": null, "target": null, "up_level": 145622.20996875, "down_level": 145040.88378125}}